compression,compression_level,duration,input_size,output_size,compression_ratio
gzip,1,640.8933625221252,47406986871,17780155520,2.6662864010201863
gzip,2,939.5215463638306,47406986871,16780669009,2.825095164297332
gzip,3,1431.0336010456085,47406986871,15559722139,3.046775928740767
gzip,4,1327.362998008728,47406986871,15163302494,3.1264288824785083
gzip,5,2129.8792395591736,47406986871,14342796726,3.3052819318747417
gzip,6,3021.915237426758,47406986871,13587999782,3.4888863432129247
gzip,7,3161.5259745121,47406986871,13344863998,3.552451855493237
gzip,8,7223.125405550003,47406986871,13098898822,3.6191581838450815
gzip,9,7319.301076412201,47406986871,13096671901,3.6197735752531317
